النوع,"رقم المدين","اسم المدين","نوع المدين","رقم المخصوم منه","اسم المخصوم منه","نوع المخصوم منه","المبلغ (كوينز)","المبلغ (دولار)",العملية,السبب
استرداد_يوزر,301,"ابو جبريل",يوزر,158,"وكالة VIP",وكالة,1950000,65,"خصم كوينز وكالة + حذف شحنة","يوزر #301 شحن وكالة #158 بكوينز مخالفة"
استرداد_يوزر,301,"ابو جبريل",يوزر,158,"وكالة VIP",وكالة,1170000,39,"خصم كوينز وكالة + حذف شحنة","يوزر #301 شحن وكالة #158 بكوينز مخالفة"
استرداد_يوزر,301,"ابو جبريل",يوزر,301,"ابو جبريل",يوزر,62,0.0021,"خصم رصيد + حذف شحنة","يوزر #301 شحن يوزر #301, استرداد من رصيد الماس"
استرداد_يوزر,301,"ابو جبريل",يوزر,301,"ابو جبريل",يوزر,402569,13.419,"حذف هدايا + عكس أرصدة (عمق=1)","سلسلة هدايا: #301 أرسل لـ #301, تتبع من المدين #301"
استرداد_يوزر,301,"ابو جبريل",يوزر,158,"وكالة VIP",وكالة,4680000,156,"خصم كوينز وكالة + حذف شحنة","يوزر #301 شحن وكالة #158 بكوينز مخالفة"
استرداد_يوزر,301,"ابو جبريل",يوزر,158,"وكالة VIP",وكالة,3510000,117,"خصم كوينز وكالة + حذف شحنة","يوزر #301 شحن وكالة #158 بكوينز مخالفة"
استرداد_يوزر,301,"ابو جبريل",يوزر,158,"وكالة VIP",وكالة,1980000,66,"خصم كوينز وكالة + حذف شحنة","يوزر #301 شحن وكالة #158 بكوينز مخالفة"
استرداد_يوزر,301,"ابو جبريل",يوزر,158,"وكالة VIP",وكالة,7800000,260,"خصم كوينز وكالة + حذف شحنة","يوزر #301 شحن وكالة #158 بكوينز مخالفة"
استرداد_يوزر,301,"ابو جبريل",يوزر,158,"وكالة VIP",وكالة,5850000,195,"خصم كوينز وكالة + حذف شحنة","يوزر #301 شحن وكالة #158 بكوينز مخالفة"
استرداد_يوزر,301,"ابو جبريل",يوزر,158,"وكالة VIP",وكالة,900000,30,"خصم كوينز وكالة + حذف شحنة","يوزر #301 شحن وكالة #158 بكوينز مخالفة"
استرداد_يوزر,301,"ابو جبريل",يوزر,6,"وكالة صقر للشحن",وكالة,1787369,59.579,"خصم كوينز وكالة + حذف شحنة","يوزر #301 شحن وكالة #6 بكوينز مخالفة"
استرداد_يوزر,1245,"اوســ亗ــڪارA‿ˣ ✌︎",يوزر,456,"قلب اوســ亗ــڪارA‿ˣ ✌︎",يوزر,791251,26.375,"حذف هدايا + عكس أرصدة (عمق=1)","سلسلة هدايا: #349 أرسل لـ #456, تتبع من المدين #1245"
استرداد_يوزر,1245,"اوســ亗ــڪارA‿ˣ ✌︎",يوزر,1245,"اوســ亗ــڪارA‿ˣ ✌︎",يوزر,101,0.0034,"خصم رصيد + حذف شحنة","يوزر #1245 شحن يوزر #1245, استرداد من رصيد الماس"
استرداد_يوزر,1245,"اوســ亗ــڪارA‿ˣ ✌︎",يوزر,1245,"اوســ亗ــڪارA‿ˣ ✌︎",يوزر,786818,26.2273,"حذف هدايا + عكس أرصدة (عمق=1)","سلسلة هدايا: #1245 أرسل لـ #1245, تتبع من المدين #1245"
استرداد_يوزر,1245,"اوســ亗ــڪارA‿ˣ ✌︎",يوزر,456,"قلب اوســ亗ــڪارA‿ˣ ✌︎",يوزر,651,0.0217,"خصم رصيد + حذف شحنة","يوزر #1245 شحن يوزر #456, استرداد من رصيد الماس"
استرداد_يوزر,1245,"اوســ亗ــڪارA‿ˣ ✌︎",يوزر,456,"قلب اوســ亗ــڪارA‿ˣ ✌︎",يوزر,496268,16.5423,"حذف هدايا + عكس أرصدة (عمق=1)","سلسلة هدايا: #456 أرسل لـ #456, تتبع من المدين #1245"
استرداد_يوزر,1245,"اوســ亗ــڪارA‿ˣ ✌︎",يوزر,114,"وكالة ابن سوريا",وكالة,1500000,50,"خصم كوينز وكالة + حذف شحنة","يوزر #1245 شحن وكالة #114 بكوينز مخالفة"
استرداد_يوزر,1245,"اوســ亗ــڪارA‿ˣ ✌︎",يوزر,6,"وكالة صقر للشحن",وكالة,180000,6,"خصم كوينز وكالة + حذف شحنة","يوزر #1245 شحن وكالة #6 بكوينز مخالفة"
استرداد_يوزر,726,ﾶのん👑ﾑﾶ乇り,يوزر,726,ﾶのん👑ﾑﾶ乇り,يوزر,1931,0.0644,"خصم رصيد + حذف شحنة","يوزر #726 شحن يوزر #726, استرداد من رصيد الماس"
استرداد_يوزر,726,ﾶのん👑ﾑﾶ乇り,يوزر,726,ﾶのん👑ﾑﾶ乇り,يوزر,179684,5.9895,"حذف هدايا + عكس أرصدة (عمق=1)","سلسلة هدايا: #726 أرسل لـ #726, تتبع من المدين #726"
استرداد_يوزر,726,ﾶのん👑ﾑﾶ乇り,يوزر,871,ツعٍفَآشُيَツ,يوزر,3,0.0001,"خصم رصيد + حذف شحنة","يوزر #726 شحن يوزر #871, استرداد من رصيد الماس"
استرداد_يوزر,726,ﾶのん👑ﾑﾶ乇り,يوزر,871,ツعٍفَآشُيَツ,يوزر,390973,13.0324,"حذف هدايا + عكس أرصدة (عمق=1)","سلسلة هدايا: #871 أرسل لـ #871, تتبع من المدين #726"
استرداد_يوزر,726,ﾶのん👑ﾑﾶ乇り,يوزر,6,"وكالة صقر للشحن",وكالة,8970000,299,"خصم كوينز وكالة + حذف شحنة","يوزر #726 شحن وكالة #6 بكوينز مخالفة"
استرداد_يوزر,726,ﾶのん👑ﾑﾶ乇り,يوزر,6,"وكالة صقر للشحن",وكالة,390000,13,"خصم كوينز وكالة + حذف شحنة","يوزر #726 شحن وكالة #6 بكوينز مخالفة"
استرداد_يوزر,726,ﾶのん👑ﾑﾶ乇り,يوزر,6,"وكالة صقر للشحن",وكالة,390000,13,"خصم كوينز وكالة + حذف شحنة","يوزر #726 شحن وكالة #6 بكوينز مخالفة"
استرداد_يوزر,1111,𓄂Ꭷ𝐙𝐙𝐘,يوزر,1111,𓄂Ꭷ𝐙𝐙𝐘,يوزر,15,0.0005,"خصم رصيد + حذف شحنة","يوزر #1111 شحن يوزر #1111, استرداد من رصيد الماس"
استرداد_يوزر,1111,𓄂Ꭷ𝐙𝐙𝐘,يوزر,1111,𓄂Ꭷ𝐙𝐙𝐘,يوزر,2479461,82.6487,"حذف هدايا + عكس أرصدة (عمق=1)","سلسلة هدايا: #1111 أرسل لـ #1111, تتبع من المدين #1111"
استرداد_يوزر,1111,𓄂Ꭷ𝐙𝐙𝐘,يوزر,164,"وكالة العز",وكالة,3000000,100,"خصم كوينز وكالة + حذف شحنة","يوزر #1111 شحن وكالة #164 بكوينز مخالفة"
استرداد_يوزر,1111,𓄂Ꭷ𝐙𝐙𝐘,يوزر,164,"وكالة العز",وكالة,1750524,58.3508,"خصم كوينز وكالة + حذف شحنة","يوزر #1111 شحن وكالة #164 بكوينز مخالفة"
استرداد_يوزر,2614,"꧁☬ R𝘢mz𝘪 ☬꧂",يوزر,2614,"꧁☬ R𝘢mz𝘪 ☬꧂",يوزر,6462689,215.423,"حذف هدايا + عكس أرصدة (عمق=1)","سلسلة هدايا: #2614 أرسل لـ #2614, تتبع من المدين #2614"
استرداد_يوزر,84,"خدمه العملاء",يوزر,84,"خدمه العملاء",يوزر,6,0.0002,"خصم رصيد + حذف شحنة","يوزر #84 شحن يوزر #84, استرداد من رصيد الماس"
استرداد_يوزر,84,"خدمه العملاء",يوزر,84,"خدمه العملاء",يوزر,6144990,204.833,"حذف هدايا + عكس أرصدة (عمق=1)","سلسلة هدايا: #84 أرسل لـ #84, تتبع من المدين #84"
استرداد_يوزر,478,"جني حافي",يوزر,478,"جني حافي",يوزر,3,0.0001,"خصم رصيد + حذف شحنة","يوزر #478 شحن يوزر #478, استرداد من رصيد الماس"
استرداد_يوزر,478,"جني حافي",يوزر,478,"جني حافي",يوزر,1416740,47.2247,"حذف هدايا + عكس أرصدة (عمق=1)","سلسلة هدايا: #478 أرسل لـ #478, تتبع من المدين #478"
استرداد_يوزر,478,"جني حافي",يوزر,119,شـــــــامخ,يوزر,3,0.0001,"خصم رصيد + حذف شحنة","يوزر #478 شحن يوزر #119, استرداد من رصيد الماس"
استرداد_يوزر,478,"جني حافي",يوزر,119,شـــــــامخ,يوزر,60155,2.0052,"حذف هدايا + عكس أرصدة (عمق=1)","سلسلة هدايا: #119 أرسل لـ #119, تتبع من المدين #478"
استرداد_يوزر,478,"جني حافي",يوزر,160,طـ⃪ـيــف🅐ᴅᴍɪɴ𓆩s𓆪,يوزر,90000,3,"خصم رصيد + حذف شحنة","يوزر #478 شحن يوزر #160, استرداد من رصيد الماس"
استرداد_يوزر,478,"جني حافي",يوزر,160,طـ⃪ـيــف🅐ᴅᴍɪɴ𓆩s𓆪,يوزر,10112,0.3371,"خصم رصيد + حذف شحنة","يوزر #478 شحن يوزر #160, استرداد من رصيد الماس"
استرداد_يوزر,478,"جني حافي",يوزر,160,طـ⃪ـيــف🅐ᴅᴍɪɴ𓆩s𓆪,يوزر,115543,3.8514,"حذف هدايا + عكس أرصدة (عمق=1)","سلسلة هدايا: #160 أرسل لـ #160, تتبع من المدين #478"
استرداد_يوزر,478,"جني حافي",يوزر,1183,ღمہشہأكہسღ,يوزر,7271,0.2424,"خصم رصيد + حذف شحنة","يوزر #478 شحن يوزر #1183, استرداد من رصيد الماس"
استرداد_يوزر,478,"جني حافي",يوزر,1183,ღمہشہأكہسღ,يوزر,413370,13.779,"حذف هدايا + عكس أرصدة (عمق=1)","سلسلة هدايا: #1183 أرسل لـ #1183, تتبع من المدين #478"
استرداد_يوزر,478,"جني حافي",يوزر,468,يَمًآنِيَهّ,يوزر,3,0.0001,"خصم رصيد + حذف شحنة","يوزر #478 شحن يوزر #468, استرداد من رصيد الماس"
استرداد_يوزر,478,"جني حافي",يوزر,468,يَمًآنِيَهّ,يوزر,93798,3.1266,"حذف هدايا + عكس أرصدة (عمق=1)","سلسلة هدايا: #468 أرسل لـ #468, تتبع من المدين #478"
استرداد_يوزر,478,"جني حافي",يوزر,1402,"ماجبرتك ا||ᯓ¹⁹🚸𝒇𝒍𝒂",يوزر,12938,0.4313,"خصم رصيد + حذف شحنة","يوزر #478 شحن يوزر #1402, استرداد من رصيد الماس"
استرداد_يوزر,478,"جني حافي",يوزر,1402,"ماجبرتك ا||ᯓ¹⁹🚸𝒇𝒍𝒂",يوزر,372153,12.4051,"حذف هدايا + عكس أرصدة (عمق=1)","سلسلة هدايا: #1402 أرسل لـ #1402, تتبع من المدين #478"
استرداد_يوزر,478,"جني حافي",يوزر,948,"مـಿـجنونة تعز G~",يوزر,9,0.0003,"خصم رصيد + حذف شحنة","يوزر #478 شحن يوزر #948, استرداد من رصيد الماس"
استرداد_يوزر,478,"جني حافي",يوزر,948,"مـಿـجنونة تعز G~",يوزر,96976,3.2325,"حذف هدايا + عكس أرصدة (عمق=1)","سلسلة هدايا: #948 أرسل لـ #948, تتبع من المدين #478"
استرداد_يوزر,1072,999,يوزر,1072,999,يوزر,24987,0.8329,"خصم رصيد + حذف شحنة","يوزر #1072 شحن يوزر #1072, استرداد من رصيد الماس"
استرداد_يوزر,1072,999,يوزر,1073,999,يوزر,3300002,110.0001,"حذف هدايا + عكس أرصدة (عمق=1)","سلسلة هدايا: #1072 أرسل لـ #1073, تتبع من المدين #1072"
استرداد_يوزر,1072,999,يوزر,6,"وكالة صقر للشحن",وكالة,390000,13,"خصم كوينز وكالة + حذف شحنة","يوزر #1072 شحن وكالة #6 بكوينز مخالفة"
استرداد_يوزر,119,شـــــــامخ,يوزر,119,شـــــــامخ,يوزر,1777648,59.2549,"حذف هدايا + عكس أرصدة (عمق=1)","سلسلة هدايا: #119 أرسل لـ #119, تتبع من المدين #119"
استرداد_يوزر,119,شـــــــامخ,يوزر,234,آلهنوف,يوزر,170,0.0057,"خصم رصيد + حذف شحنة","يوزر #119 شحن يوزر #234, استرداد من رصيد الماس"
استرداد_يوزر,119,شـــــــامخ,يوزر,234,آلهنوف,يوزر,59967,1.9989,"حذف هدايا + عكس أرصدة (عمق=1)","سلسلة هدايا: #234 أرسل لـ #234, تتبع من المدين #119"
استرداد_يوزر,119,شـــــــامخ,يوزر,118,شامخ,يوزر,37,0.0012,"خصم رصيد + حذف شحنة","يوزر #119 شحن يوزر #118, استرداد من رصيد الماس"
استرداد_يوزر,119,شـــــــامخ,يوزر,119,شـــــــامخ,يوزر,200403,6.6801,"حذف هدايا + عكس أرصدة (عمق=1)","سلسلة هدايا: #118 أرسل لـ #119, تتبع من المدين #119"
استرداد_يوزر,119,شـــــــامخ,يوزر,23,"برق الشمال",يوزر,2,0.0001,"خصم رصيد + حذف شحنة","يوزر #119 شحن يوزر #23, استرداد من رصيد الماس"
استرداد_يوزر,119,شـــــــامخ,يوزر,23,"برق الشمال",يوزر,130852,4.3617,"حذف هدايا + عكس أرصدة (عمق=1)","سلسلة هدايا: #23 أرسل لـ #23, تتبع من المدين #119"
استرداد_يوزر,119,شـــــــامخ,يوزر,52,🧚‍♂️𝄟⑅⃝т̈ɑ̈l̈𝄟⑅⃝l̈̈eӥ🧚‍♂️,يوزر,364567,12.1522,"خصم رصيد + حذف شحنة","يوزر #119 شحن يوزر #52, استرداد من رصيد الماس"
استرداد_يوزر,119,شـــــــامخ,يوزر,52,🧚‍♂️𝄟⑅⃝т̈ɑ̈l̈𝄟⑅⃝l̈̈eӥ🧚‍♂️,يوزر,243219,8.1073,"حذف هدايا + عكس أرصدة (عمق=1)","سلسلة هدايا: #52 أرسل لـ #52, تتبع من المدين #119"
استرداد_يوزر,119,شـــــــامخ,يوزر,116,"علي علي",يوزر,133238,4.4413,"حذف هدايا + عكس أرصدة (عمق=1)","سلسلة هدايا: #116 أرسل لـ #116, تتبع من المدين #119"
استرداد_يوزر,1012,المجنون,يوزر,1012,المجنون,يوزر,155846,5.1949,"خصم رصيد + حذف شحنة","يوزر #1012 شحن يوزر #1012, استرداد من رصيد الماس"
استرداد_يوزر,1012,المجنون,يوزر,1012,المجنون,يوزر,447192,14.9064,"حذف هدايا + عكس أرصدة (عمق=1)","سلسلة هدايا: #1012 أرسل لـ #1012, تتبع من المدين #1012"
استرداد_يوزر,1012,المجنون,يوزر,348,"الواء الأخضر",يوزر,2,0.0001,"خصم رصيد + حذف شحنة","يوزر #1012 شحن يوزر #348, استرداد من رصيد الماس"
استرداد_يوزر,1012,المجنون,يوزر,348,"الواء الأخضر",يوزر,2492488,83.0829,"حذف هدايا + عكس أرصدة (عمق=1)","سلسلة هدايا: #348 أرسل لـ #348, تتبع من المدين #1012"
استرداد_يوزر,1012,المجنون,يوزر,1397,"The lovesick one",يوزر,5,0.0002,"خصم رصيد + حذف شحنة","يوزر #1012 شحن يوزر #1397, استرداد من رصيد الماس"
استرداد_يوزر,1012,المجنون,يوزر,1012,المجنون,يوزر,200090,6.6697,"حذف هدايا + عكس أرصدة (عمق=1)","سلسلة هدايا: #1397 أرسل لـ #1012, تتبع من المدين #1012"
استرداد_يوزر,1085,حر,يوزر,456,"قلب اوســ亗ــڪارA‿ˣ ✌︎",يوزر,900000,30,"حذف هدايا + عكس أرصدة (عمق=1)","سلسلة هدايا: #349 أرسل لـ #456, تتبع من المدين #1085"
استرداد_يوزر,1085,حر,يوزر,1245,"اوســ亗ــڪارA‿ˣ ✌︎",يوزر,1233120,41.104,"حذف هدايا + عكس أرصدة (عمق=1)","سلسلة هدايا: #1245 أرسل لـ #1245, تتبع من المدين #1085"
استرداد_يوزر,1085,حر,يوزر,1085,حر,يوزر,425,0.0142,"خصم رصيد + حذف شحنة","يوزر #1085 شحن يوزر #1085, استرداد من رصيد الماس"
استرداد_يوزر,1085,حر,يوزر,456,"قلب اوســ亗ــڪارA‿ˣ ✌︎",يوزر,405216,13.5072,"حذف هدايا + عكس أرصدة (عمق=1)","سلسلة هدايا: #1085 أرسل لـ #456, تتبع من المدين #1085"
استرداد_يوزر,1250,‏♡⇣ࡎߺݏࡉܦ࠭ߺܘ߳⇣؍,يوزر,1250,‏♡⇣ࡎߺݏࡉܦ࠭ߺܘ߳⇣؍,يوزر,8619,0.2873,"خصم رصيد + حذف شحنة","يوزر #1250 شحن يوزر #1250, استرداد من رصيد الماس"
استرداد_يوزر,1250,‏♡⇣ࡎߺݏࡉܦ࠭ߺܘ߳⇣؍,يوزر,1250,‏♡⇣ࡎߺݏࡉܦ࠭ߺܘ߳⇣؍,يوزر,2416175,80.5392,"حذف هدايا + عكس أرصدة (عمق=1)","سلسلة هدايا: #1250 أرسل لـ #1250, تتبع من المدين #1250"
استرداد_يوزر,1250,‏♡⇣ࡎߺݏࡉܦ࠭ߺܘ߳⇣؍,يوزر,1493,𝑹𝑸𝑹𝑸🇾🇪ᔆₖ,يوزر,55,0.0018,"خصم رصيد + حذف شحنة","يوزر #1250 شحن يوزر #1493, استرداد من رصيد الماس"
استرداد_يوزر,1250,‏♡⇣ࡎߺݏࡉܦ࠭ߺܘ߳⇣؍,يوزر,1493,𝑹𝑸𝑹𝑸🇾🇪ᔆₖ,يوزر,1583456,52.7819,"حذف هدايا + عكس أرصدة (عمق=1)","سلسلة هدايا: #1493 أرسل لـ #1493, تتبع من المدين #1250"
استرداد_يوزر,1657,عشق,يوزر,164,"وكالة العز",وكالة,3660000,122,"خصم كوينز وكالة + حذف شحنة","يوزر #1657 شحن وكالة #164 بكوينز مخالفة"
استرداد_يوزر,349,"مو شايفك",يوزر,1245,"اوســ亗ــڪارA‿ˣ ✌︎",يوزر,410000,13.6667,"حذف هدايا + عكس أرصدة (عمق=1)","سلسلة هدايا: #1245 أرسل لـ #1245, تتبع من المدين #349"
استرداد_يوزر,349,"مو شايفك",يوزر,456,"قلب اوســ亗ــڪارA‿ˣ ✌︎",يوزر,500000,16.6667,"حذف هدايا + عكس أرصدة (عمق=1)","سلسلة هدايا: #349 أرسل لـ #456, تتبع من المدين #349"
استرداد_يوزر,871,ツعٍفَآشُيَツ,يوزر,2084,عمهم🔥😎,يوزر,6,0.0002,"خصم رصيد + حذف شحنة","يوزر #871 شحن يوزر #2084, استرداد من رصيد الماس"
استرداد_يوزر,871,ツعٍفَآشُيَツ,يوزر,2084,عمهم🔥😎,يوزر,402846,13.4282,"حذف هدايا + عكس أرصدة (عمق=1)","سلسلة هدايا: #2084 أرسل لـ #2084, تتبع من المدين #871"
استرداد_يوزر,871,ツعٍفَآشُيَツ,يوزر,726,ﾶのん👑ﾑﾶ乇り,يوزر,402039,13.4013,"حذف هدايا + عكس أرصدة (عمق=1)","سلسلة هدايا: #726 أرسل لـ #726, تتبع من المدين #871"
استرداد_يوزر,871,ツعٍفَآشُيَツ,يوزر,847,"💎𖥻៹ 𝑭𝑨𝑹𝑬𝑺 ៹𖥻💎",يوزر,111898,3.7299,"خصم رصيد + حذف شحنة","يوزر #871 شحن يوزر #847, استرداد من رصيد الماس"
استرداد_يوزر,871,ツعٍفَآشُيَツ,يوزر,847,"💎𖥻៹ 𝑭𝑨𝑹𝑬𝑺 ៹𖥻💎",يوزر,282619,9.4206,"حذف هدايا + عكس أرصدة (عمق=1)","سلسلة هدايا: #847 أرسل لـ #847, تتبع من المدين #871"
استرداد_يوزر,871,ツعٍفَآشُيَツ,يوزر,6,"وكالة صقر للشحن",وكالة,780000,26,"خصم كوينز وكالة + حذف شحنة","يوزر #871 شحن وكالة #6 بكوينز مخالفة"
استرداد_يوزر,871,ツعٍفَآشُيَツ,يوزر,6,"وكالة صقر للشحن",وكالة,390000,13,"خصم كوينز وكالة + حذف شحنة","يوزر #871 شحن وكالة #6 بكوينز مخالفة"
استرداد_يوزر,871,ツعٍفَآشُيَツ,يوزر,6,"وكالة صقر للشحن",وكالة,360592,12.0197,"خصم كوينز وكالة + حذف شحنة","يوزر #871 شحن وكالة #6 بكوينز مخالفة"
استرداد_يوزر,342,"العاشق الولهان",يوزر,1012,المجنون,يوزر,1450000,48.3333,"حذف هدايا + عكس أرصدة (عمق=1)","سلسلة هدايا: #1012 أرسل لـ #1012, تتبع من المدين #342"
استرداد_يوزر,342,"العاشق الولهان",يوزر,684,"دعاء ⚡",يوزر,395648,13.1883,"حذف هدايا + عكس أرصدة (عمق=1)","سلسلة هدايا: #684 أرسل لـ #684, تتبع من المدين #342"
استرداد_يوزر,342,"العاشق الولهان",يوزر,342,"العاشق الولهان",يوزر,450008,15.0003,"خصم رصيد + حذف شحنة","يوزر #342 شحن يوزر #342, استرداد من رصيد الماس"
استرداد_يوزر,342,"العاشق الولهان",يوزر,342,"العاشق الولهان",يوزر,44450,1.4817,"حذف هدايا + عكس أرصدة (عمق=1)","سلسلة هدايا: #342 أرسل لـ #342, تتبع من المدين #342"
استرداد_يوزر,1432,"الامبر 𝓣 ᥫ᭡👑 اطور",يوزر,1354,"وكيل تاج الملوك",يوزر,4,0.0001,"خصم رصيد + حذف شحنة","يوزر #1432 شحن يوزر #1354, استرداد من رصيد الماس"
استرداد_يوزر,1432,"الامبر 𝓣 ᥫ᭡👑 اطور",يوزر,1354,"وكيل تاج الملوك",يوزر,396570,13.219,"حذف هدايا + عكس أرصدة (عمق=1)","سلسلة هدايا: #1354 أرسل لـ #1354, تتبع من المدين #1432"
استرداد_يوزر,1432,"الامبر 𝓣 ᥫ᭡👑 اطور",يوزر,1432,"الامبر 𝓣 ᥫ᭡👑 اطور",يوزر,25,0.0008,"خصم رصيد + حذف شحنة","يوزر #1432 شحن يوزر #1432, استرداد من رصيد الماس"
استرداد_يوزر,1432,"الامبر 𝓣 ᥫ᭡👑 اطور",يوزر,1432,"الامبر 𝓣 ᥫ᭡👑 اطور",يوزر,320081,10.6694,"حذف هدايا + عكس أرصدة (عمق=1)","سلسلة هدايا: #1432 أرسل لـ #1432, تتبع من المدين #1432"
استرداد_يوزر,1432,"الامبر 𝓣 ᥫ᭡👑 اطور",يوزر,6,"وكالة صقر للشحن",وكالة,1623320,54.1107,"خصم كوينز وكالة + حذف شحنة","يوزر #1432 شحن وكالة #6 بكوينز مخالفة"
استرداد_يوزر,2800,"حسين Ⓜ️🆂",يوزر,165,"هنا القاهرة للشحن",وكالة,1170000,39,"خصم كوينز وكالة + حذف شحنة","يوزر #2800 شحن وكالة #165 بكوينز مخالفة"
استرداد_يوزر,1077,"ابووطن ✈️",يوزر,164,"وكالة العز",وكالة,1170000,39,"خصم كوينز وكالة + حذف شحنة","يوزر #1077 شحن وكالة #164 بكوينز مخالفة"
استرداد_يوزر,1351,حنة,يوزر,164,"وكالة العز",وكالة,780000,26,"خصم كوينز وكالة + حذف شحنة","يوزر #1351 شحن وكالة #164 بكوينز مخالفة"
استرداد_يوزر,1351,حنة,يوزر,164,"وكالة العز",وكالة,390000,13,"خصم كوينز وكالة + حذف شحنة","يوزر #1351 شحن وكالة #164 بكوينز مخالفة"
استرداد_يوزر,2490,بدنانروء𓃠¹⁷²,يوزر,2533,شــ؏ـــور,يوزر,37349,1.245,"حذف هدايا + عكس أرصدة (عمق=1)","سلسلة هدايا: #2490 أرسل لـ #2533, تتبع من المدين #2490"
استرداد_يوزر,222,"الإدارة الـعـامة",يوزر,114,"وكالة ابن سوريا",وكالة,390000,13,"خصم كوينز وكالة + حذف شحنة","يوزر #222 شحن وكالة #114 بكوينز مخالفة"
استرداد_يوزر,222,"الإدارة الـعـامة",يوزر,114,"وكالة ابن سوريا",وكالة,390000,13,"خصم كوينز وكالة + حذف شحنة","يوزر #222 شحن وكالة #114 بكوينز مخالفة"
استرداد_يوزر,1378,حسناء,يوزر,164,"وكالة العز",وكالة,780000,26,"خصم كوينز وكالة + حذف شحنة","يوزر #1378 شحن وكالة #164 بكوينز مخالفة"
استرداد_يوزر,1078,"بۣۗـۙسۣۗـۙبۣۗـۙوُسۣۗـۙهۗ ۣلشحن",يوزر,164,"وكالة العز",وكالة,390000,13,"خصم كوينز وكالة + حذف شحنة","يوزر #1078 شحن وكالة #164 بكوينز مخالفة"
استرداد_يوزر,1078,"بۣۗـۙسۣۗـۙبۣۗـۙوُسۣۗـۙهۗ ۣلشحن",يوزر,164,"وكالة العز",وكالة,390000,13,"خصم كوينز وكالة + حذف شحنة","يوزر #1078 شحن وكالة #164 بكوينز مخالفة"
استرداد_يوزر,1097,Koko,يوزر,164,"وكالة العز",وكالة,780000,26,"خصم كوينز وكالة + حذف شحنة","يوزر #1097 شحن وكالة #164 بكوينز مخالفة"
استرداد_يوزر,39,"الوكيل ابن سوريا🌀🌠🌀",يوزر,39,"الوكيل ابن سوريا🌀🌠🌀",يوزر,4,0.0001,"خصم رصيد + حذف شحنة","يوزر #39 شحن يوزر #39, استرداد من رصيد الماس"
استرداد_يوزر,39,"الوكيل ابن سوريا🌀🌠🌀",يوزر,39,"الوكيل ابن سوريا🌀🌠🌀",يوزر,395156,13.1719,"حذف هدايا + عكس أرصدة (عمق=1)","سلسلة هدايا: #39 أرسل لـ #39, تتبع من المدين #39"
استرداد_يوزر,39,"الوكيل ابن سوريا🌀🌠🌀",يوزر,381,"ع ع ح ن🇾🇪🇾🇪",يوزر,1,0,"خصم رصيد + حذف شحنة","يوزر #39 شحن يوزر #381, استرداد من رصيد الماس"
استرداد_يوزر,39,"الوكيل ابن سوريا🌀🌠🌀",يوزر,39,"الوكيل ابن سوريا🌀🌠🌀",يوزر,179206,5.9735,"حذف هدايا + عكس أرصدة (عمق=1)","سلسلة هدايا: #381 أرسل لـ #39, تتبع من المدين #39"
استرداد_يوزر,39,"الوكيل ابن سوريا🌀🌠🌀",يوزر,6,"وكالة صقر للشحن",وكالة,180000,6,"خصم كوينز وكالة + حذف شحنة","يوزر #39 شحن وكالة #6 بكوينز مخالفة"
استرداد_يوزر,39,"الوكيل ابن سوريا🌀🌠🌀",يوزر,6,"وكالة صقر للشحن",وكالة,25633,0.8544,"خصم كوينز وكالة + حذف شحنة","يوزر #39 شحن وكالة #6 بكوينز مخالفة"
استرداد_يوزر,1183,ღمہشہأكہسღ,يوزر,1183,ღمہشہأكہسღ,يوزر,100000,3.3333,"حذف هدايا + عكس أرصدة (عمق=1)","سلسلة هدايا: #1183 أرسل لـ #1183, تتبع من المدين #1183"
استرداد_يوزر,1183,ღمہشہأكہسღ,يوزر,478,"جني حافي",يوزر,600000,20,"حذف هدايا + عكس أرصدة (عمق=1)","سلسلة هدايا: #478 أرسل لـ #478, تتبع من المدين #1183"
استرداد_يوزر,1183,ღمہشہأكہسღ,يوزر,1224,شـོ͟ــر͒يــ𓅖͟🇾🇪ـان,يوزر,64502,2.1501,"حذف هدايا + عكس أرصدة (عمق=1)","سلسلة هدايا: #1224 أرسل لـ #1224, تتبع من المدين #1183"
استرداد_يوزر,1183,ღمہشہأكہسღ,يوزر,286,"الوكيل المغامر",يوزر,23098,0.7699,"حذف هدايا + عكس أرصدة (عمق=1)","سلسلة هدايا: #468 أرسل لـ #286, تتبع من المدين #1183"
استرداد_يوزر,706,"الجمهورية العربية السورية",يوزر,114,"وكالة ابن سوريا",وكالة,390000,13,"خصم كوينز وكالة + حذف شحنة","يوزر #706 شحن وكالة #114 بكوينز مخالفة"
استرداد_يوزر,1207,مانجا,يوزر,164,"وكالة العز",وكالة,390000,13,"خصم كوينز وكالة + حذف شحنة","يوزر #1207 شحن وكالة #164 بكوينز مخالفة"
استرداد_يوزر,1209,تالا🦋,يوزر,114,"وكالة ابن سوريا",وكالة,390000,13,"خصم كوينز وكالة + حذف شحنة","يوزر #1209 شحن وكالة #114 بكوينز مخالفة"
استرداد_يوزر,1602,"🎤اعمل الخير وارميه البحر",يوزر,1602,"🎤اعمل الخير وارميه البحر",يوزر,14030,0.4677,"خصم رصيد + حذف شحنة","يوزر #1602 شحن يوزر #1602, استرداد من رصيد الماس"
استرداد_يوزر,1602,"🎤اعمل الخير وارميه البحر",يوزر,1602,"🎤اعمل الخير وارميه البحر",يوزر,286524,9.5508,"حذف هدايا + عكس أرصدة (عمق=1)","سلسلة هدايا: #1602 أرسل لـ #1602, تتبع من المدين #1602"
استرداد_يوزر,407,"ابن اليمن",يوزر,158,"وكالة VIP",وكالة,390000,13,"خصم كوينز وكالة + حذف شحنة","يوزر #407 شحن وكالة #158 بكوينز مخالفة"
استرداد_يوزر,2209,مهره,يوزر,164,"وكالة العز",وكالة,390000,13,"خصم كوينز وكالة + حذف شحنة","يوزر #2209 شحن وكالة #164 بكوينز مخالفة"
استرداد_يوزر,2343,💗•‟أمـــــــيـرة,يوزر,114,"وكالة ابن سوريا",وكالة,390000,13,"خصم كوينز وكالة + حذف شحنة","يوزر #2343 شحن وكالة #114 بكوينز مخالفة"
استرداد_يوزر,353,"اصيل 🇾🇪👑🫶🔥♻️",يوزر,2401,"رهيب 🇾🇪",يوزر,204577,6.8192,"حذف هدايا + عكس أرصدة (عمق=1)","سلسلة هدايا: #2401 أرسل لـ #2401, تتبع من المدين #353"
استرداد_يوزر,353,"اصيل 🇾🇪👑🫶🔥♻️",يوزر,119,شـــــــامخ,يوزر,1661,0.0554,"حذف هدايا + عكس أرصدة (عمق=1)","سلسلة هدايا: #2401 أرسل لـ #119, تتبع من المدين #353"
استرداد_يوزر,353,"اصيل 🇾🇪👑🫶🔥♻️",يوزر,119,شـــــــامخ,يوزر,100000,3.3333,"حذف هدايا + عكس أرصدة (عمق=2)","سلسلة هدايا: #119 أرسل لـ #119, تتبع من المدين #353"
استرداد_يوزر,353,"اصيل 🇾🇪👑🫶🔥♻️",يوزر,353,"اصيل 🇾🇪👑🫶🔥♻️",يوزر,84240,2.808,"حذف هدايا + عكس أرصدة (عمق=1)","سلسلة هدايا: #353 أرسل لـ #353, تتبع من المدين #353"
استرداد_يوزر,1349,"ابن عز",يوزر,164,"وكالة العز",وكالة,390000,13,"خصم كوينز وكالة + حذف شحنة","يوزر #1349 شحن وكالة #164 بكوينز مخالفة"
استرداد_يوزر,2783,ماندو,يوزر,164,"وكالة العز",وكالة,390000,13,"خصم كوينز وكالة + حذف شحنة","يوزر #2783 شحن وكالة #164 بكوينز مخالفة"
استرداد_يوزر,1098,KAYAN,يوزر,164,"وكالة العز",وكالة,390000,13,"خصم كوينز وكالة + حذف شحنة","يوزر #1098 شحن وكالة #164 بكوينز مخالفة"
استرداد_وكالة,82,"ركز ابيك",وكالة,1245,"اوســ亗ــڪارA‿ˣ ✌︎",يوزر,281500,9.3833,"حذف هدايا + عكس أرصدة (عمق=1)","سلسلة هدايا: #1245 أرسل لـ #1245, تتبع من المدين #82"
استرداد_وكالة,82,"ركز ابيك",وكالة,1928,صدفه,يوزر,90000,3,"خصم رصيد + حذف شحنة","وكالة #82 شحنت يوزر #1928, استرداد من رصيد الماس"
استرداد_وكالة,82,"ركز ابيك",وكالة,349,"مو شايفك",يوزر,120288,4.0096,"حذف هدايا + عكس أرصدة (عمق=1)","سلسلة هدايا: #349 أرسل لـ #349, تتبع من المدين #82"
استرداد_وكالة,82,"ركز ابيك",وكالة,414,وڪيــ𝑴𝐴𝑎𝑺𝑻𝐹𝑎˼ـل⇣℡,يوزر,450000,15,"خصم رصيد + حذف شحنة","وكالة #82 شحنت يوزر #414, استرداد من رصيد الماس"
استرداد_وكالة,82,"ركز ابيك",وكالة,456,"قلب اوســ亗ــڪارA‿ˣ ✌︎",يوزر,924334,30.8111,"حذف هدايا + عكس أرصدة (عمق=1)","سلسلة هدايا: #456 أرسل لـ #456, تتبع من المدين #82"
استرداد_وكالة,28,"ابو جبريل",وكالة,301,"ابو جبريل",يوزر,134660,4.4887,"حذف هدايا + عكس أرصدة (عمق=1)","سلسلة هدايا: #301 أرسل لـ #301, تتبع من المدين #28"
استرداد_وكالة,28,"ابو جبريل",وكالة,158,"وكالة VIP",وكالة,720000,24,"خصم كوينز وكالة + حذف شحنة","وكالة #28 شحنت وكالة #158 بكوينز مخالفة"
استرداد_وكالة,28,"ابو جبريل",وكالة,158,"وكالة VIP",وكالة,360000,12,"خصم كوينز وكالة + حذف شحنة","وكالة #28 شحنت وكالة #158 بكوينز مخالفة"
استرداد_وكالة,28,"ابو جبريل",وكالة,158,"وكالة VIP",وكالة,30000,1,"خصم كوينز وكالة + حذف شحنة","وكالة #28 شحنت وكالة #158 بكوينز مخالفة"
استرداد_وكالة,28,"ابو جبريل",وكالة,158,"وكالة VIP",وكالة,300000,10,"خصم كوينز وكالة + حذف شحنة","وكالة #28 شحنت وكالة #158 بكوينز مخالفة"
استرداد_وكالة,28,"ابو جبريل",وكالة,6,"وكالة صقر للشحن",وكالة,7815340,260.5113,"خصم كوينز وكالة + حذف شحنة","وكالة #28 شحنت وكالة #6 بكوينز مخالفة"
استرداد_وكالة,66,"الماس الحر",وكالة,726,ﾶのん👑ﾑﾶ乇り,يوزر,745000,24.8333,"حذف هدايا + عكس أرصدة (عمق=1)","سلسلة هدايا: #726 أرسل لـ #726, تتبع من المدين #66"
استرداد_وكالة,66,"الماس الحر",وكالة,6,"وكالة صقر للشحن",وكالة,2760000,92,"خصم كوينز وكالة + حذف شحنة","وكالة #66 شحنت وكالة #6 بكوينز مخالفة"
استرداد_وكالة,66,"الماس الحر",وكالة,6,"وكالة صقر للشحن",وكالة,120000,4,"خصم كوينز وكالة + حذف شحنة","وكالة #66 شحنت وكالة #6 بكوينز مخالفة"
استرداد_وكالة,66,"الماس الحر",وكالة,6,"وكالة صقر للشحن",وكالة,120000,4,"خصم كوينز وكالة + حذف شحنة","وكالة #66 شحنت وكالة #6 بكوينز مخالفة"
استرداد_وكالة,66,"الماس الحر",وكالة,6,"وكالة صقر للشحن",وكالة,240000,8,"خصم كوينز وكالة + حذف شحنة","وكالة #66 شحنت وكالة #6 بكوينز مخالفة"
استرداد_وكالة,66,"الماس الحر",وكالة,6,"وكالة صقر للشحن",وكالة,120000,4,"خصم كوينز وكالة + حذف شحنة","وكالة #66 شحنت وكالة #6 بكوينز مخالفة"
استرداد_وكالة,91,"وكاله تاج الملوك",وكالة,1354,"وكيل تاج الملوك",يوزر,120000,4,"حذف هدايا + عكس أرصدة (عمق=1)","سلسلة هدايا: #1354 أرسل لـ #1354, تتبع من المدين #91"
استرداد_وكالة,91,"وكاله تاج الملوك",وكالة,2498,"لولي 𝓣 ᥫ᭡👑",يوزر,26958,0.8986,"خصم رصيد + حذف شحنة","وكالة #91 شحنت يوزر #2498, استرداد من رصيد الماس"
استرداد_وكالة,91,"وكاله تاج الملوك",وكالة,2498,"لولي 𝓣 ᥫ᭡👑",يوزر,46220,1.5407,"حذف هدايا + عكس أرصدة (عمق=1)","سلسلة هدايا: #2498 أرسل لـ #2498, تتبع من المدين #91"
استرداد_وكالة,91,"وكاله تاج الملوك",وكالة,1235,"𝐒𝐎𝐍𝐀𝓣 ᥫ᭡👑",يوزر,120000,4,"خصم رصيد + حذف شحنة","وكالة #91 شحنت يوزر #1235, استرداد من رصيد الماس"
استرداد_وكالة,91,"وكاله تاج الملوك",وكالة,1432,"الامبر 𝓣 ᥫ᭡👑 اطور",يوزر,240000,8,"حذف هدايا + عكس أرصدة (عمق=1)","سلسلة هدايا: #1432 أرسل لـ #1432, تتبع من المدين #91"
استرداد_وكالة,81,"وكاله العز",وكالة,164,"وكالة العز",وكالة,600000,20,"خصم كوينز وكالة + حذف شحنة","وكالة #81 شحنت وكالة #164 بكوينز مخالفة"
استرداد_وكالة,81,"وكاله العز",وكالة,164,"وكالة العز",وكالة,1080000,36,"خصم كوينز وكالة + حذف شحنة","وكالة #81 شحنت وكالة #164 بكوينز مخالفة"
استرداد_وكالة,56,"🙂ليش واقف",وكالة,1245,"اوســ亗ــڪارA‿ˣ ✌︎",يوزر,300000,10,"حذف هدايا + عكس أرصدة (عمق=1)","سلسلة هدايا: #1245 أرسل لـ #1245, تتبع من المدين #56"
استرداد_وكالة,56,"🙂ليش واقف",وكالة,349,"مو شايفك",يوزر,635205,21.1735,"حذف هدايا + عكس أرصدة (عمق=1)","سلسلة هدايا: #349 أرسل لـ #349, تتبع من المدين #56"
استرداد_وكالة,75,"وُكَـــآلَـهِ آلَـبّـــــــحً ـر آلَآحـــــــمِــــــــر",وكالة,1073,999,يوزر,1100000,36.6667,"حذف هدايا + عكس أرصدة (عمق=1)","سلسلة هدايا: #1072 أرسل لـ #1073, تتبع من المدين #75"
استرداد_وكالة,100,نــشــامــي,وكالة,1066,"تفعيل وكالات 👮‍♂️",يوزر,200,0.0067,"خصم رصيد + حذف شحنة","وكالة #100 شحنت يوزر #1066, استرداد من رصيد الماس"
استرداد_وكالة,100,نــشــامــي,وكالة,1070,𝑪𝒂𝒕,يوزر,303851,10.1284,"حذف هدايا + عكس أرصدة (عمق=1)","سلسلة هدايا: #1066 أرسل لـ #1070, تتبع من المدين #100"
استرداد_وكالة,100,نــشــامــي,وكالة,1066,"تفعيل وكالات 👮‍♂️",يوزر,186029,6.201,"حذف هدايا + عكس أرصدة (عمق=2)","سلسلة هدايا: #1070 أرسل لـ #1066, تتبع من المدين #100"
استرداد_وكالة,100,نــشــامــي,وكالة,1070,𝑪𝒂𝒕,يوزر,295,0.0098,"خصم رصيد + حذف شحنة","وكالة #100 شحنت يوزر #1070, استرداد من رصيد الماس"
استرداد_وكالة,100,نــشــامــي,وكالة,165,"هنا القاهرة للشحن",وكالة,469625,15.6542,"خصم كوينز وكالة + حذف شحنة","وكالة #100 شحنت وكالة #165 بكوينز مخالفة"
استرداد_وكالة,23,"وكالة خدمة العملاء",وكالة,84,"خدمه العملاء",يوزر,1000000,33.3333,"حذف هدايا + عكس أرصدة (عمق=1)","سلسلة هدايا: #84 أرسل لـ #84, تتبع من المدين #23"
استرداد_وكالة,10,"الإدارة الـعـامـة",وكالة,114,"وكالة ابن سوريا",وكالة,120000,4,"خصم كوينز وكالة + حذف شحنة","وكالة #10 شحنت وكالة #114 بكوينز مخالفة"
استرداد_وكالة,10,"الإدارة الـعـامـة",وكالة,114,"وكالة ابن سوريا",وكالة,360000,12,"خصم كوينز وكالة + حذف شحنة","وكالة #10 شحنت وكالة #114 بكوينز مخالفة"
استرداد_وكالة,37,"وكاله سوريا ♥️",وكالة,414,وڪيــ𝑴𝐴𝑎𝑺𝑻𝐹𝑎˼ـل⇣℡,يوزر,90000,3,"خصم رصيد + حذف شحنة","وكالة #37 شحنت يوزر #414, استرداد من رصيد الماس"
استرداد_وكالة,37,"وكاله سوريا ♥️",وكالة,414,وڪيــ𝑴𝐴𝑎𝑺𝑻𝐹𝑎˼ـل⇣℡,يوزر,30000,1,"خصم رصيد + حذف شحنة","وكالة #37 شحنت يوزر #414, استرداد من رصيد الماس"
استرداد_وكالة,37,"وكاله سوريا ♥️",وكالة,414,وڪيــ𝑴𝐴𝑎𝑺𝑻𝐹𝑎˼ـل⇣℡,يوزر,120000,4,"خصم رصيد + حذف شحنة","وكالة #37 شحنت يوزر #414, استرداد من رصيد الماس"
استرداد_وكالة,37,"وكاله سوريا ♥️",وكالة,414,وڪيــ𝑴𝐴𝑎𝑺𝑻𝐹𝑎˼ـل⇣℡,يوزر,240000,8,"خصم رصيد + حذف شحنة","وكالة #37 شحنت يوزر #414, استرداد من رصيد الماس"
استرداد_وكالة,184,🔥ᘓɹ̇ใ⎽⎽⎽⎽☕⎽⎽ᓆgᩭ,وكالة,1676,جنه,يوزر,5,0.0002,"خصم رصيد + حذف شحنة","وكالة #184 شحنت يوزر #1676, استرداد من رصيد الماس"
استرداد_وكالة,184,🔥ᘓɹ̇ใ⎽⎽⎽⎽☕⎽⎽ᓆgᩭ,وكالة,1676,جنه,يوزر,262543,8.7514,"حذف هدايا + عكس أرصدة (عمق=1)","سلسلة هدايا: #1676 أرسل لـ #1676, تتبع من المدين #184"
استرداد_وكالة,184,🔥ᘓɹ̇ใ⎽⎽⎽⎽☕⎽⎽ᓆgᩭ,وكالة,2694,شمـᬼ🌞𝄞⃝ـس,يوزر,12494,0.4165,"حذف هدايا + عكس أرصدة (عمق=1)","سلسلة هدايا: #2694 أرسل لـ #2694, تتبع من المدين #184"
استرداد_وكالة,184,🔥ᘓɹ̇ใ⎽⎽⎽⎽☕⎽⎽ᓆgᩭ,وكالة,1676,جنه,يوزر,11199,0.3733,"حذف هدايا + عكس أرصدة (عمق=1)","سلسلة هدايا: #2694 أرسل لـ #1676, تتبع من المدين #184"
استرداد_وكالة,184,🔥ᘓɹ̇ใ⎽⎽⎽⎽☕⎽⎽ᓆgᩭ,وكالة,2696,𝚟𝚒𝚝𝚊𝚖𝚒𝚗a,يوزر,9128,0.3043,"حذف هدايا + عكس أرصدة (عمق=1)","سلسلة هدايا: #2694 أرسل لـ #2696, تتبع من المدين #184"
استرداد_وكالة,184,🔥ᘓɹ̇ใ⎽⎽⎽⎽☕⎽⎽ᓆgᩭ,وكالة,2696,𝚟𝚒𝚝𝚊𝚖𝚒𝚗a,يوزر,30118,1.0039,"حذف هدايا + عكس أرصدة (عمق=2)","سلسلة هدايا: #2696 أرسل لـ #2696, تتبع من المدين #184"
استرداد_وكالة,184,🔥ᘓɹ̇ใ⎽⎽⎽⎽☕⎽⎽ᓆgᩭ,وكالة,2695,🌶️Sɧª⊥ª,يوزر,7865,0.2622,"حذف هدايا + عكس أرصدة (عمق=2)","سلسلة هدايا: #2696 أرسل لـ #2695, تتبع من المدين #184"
استرداد_وكالة,184,🔥ᘓɹ̇ใ⎽⎽⎽⎽☕⎽⎽ᓆgᩭ,وكالة,2647,"مضاد حيوي 💊",يوزر,2952,0.0984,"حذف هدايا + عكس أرصدة (عمق=2)","سلسلة هدايا: #2696 أرسل لـ #2647, تتبع من المدين #184"
استرداد_وكالة,184,🔥ᘓɹ̇ใ⎽⎽⎽⎽☕⎽⎽ᓆgᩭ,وكالة,2647,"مضاد حيوي 💊",يوزر,24175,0.8058,"حذف هدايا + عكس أرصدة (عمق=3)","سلسلة هدايا: #2647 أرسل لـ #2647, تتبع من المدين #184"
استرداد_وكالة,172,"وكالة بــــدنـــــانـــروء 🇾🇪𓃠¹⁷²",وكالة,2533,شــ؏ـــور,يوزر,30000,1,"حذف هدايا + عكس أرصدة (عمق=1)","سلسلة هدايا: #2490 أرسل لـ #2533, تتبع من المدين #172"
استرداد_وكالة,36,"وكالة مطانيخ اليمن",وكالة,233,ᎷᎡ.مزاجيd͠i͠o͠r͠,يوزر,8146,0.2715,"خصم رصيد + حذف شحنة","وكالة #36 شحنت يوزر #233, استرداد من رصيد الماس"
استرداد_وكالة,36,"وكالة مطانيخ اليمن",وكالة,233,ᎷᎡ.مزاجيd͠i͠o͠r͠,يوزر,113059,3.7686,"حذف هدايا + عكس أرصدة (عمق=1)","سلسلة هدايا: #233 أرسل لـ #233, تتبع من المدين #36"
استرداد_وكالة,36,"وكالة مطانيخ اليمن",وكالة,6,"وكالة صقر للشحن",وكالة,118795,3.9598,"خصم كوينز وكالة + حذف شحنة","وكالة #36 شحنت وكالة #6 بكوينز مخالفة"
استرداد_وكالة,121,"وكاله 77777",وكالة,39,"الوكيل ابن سوريا🌀🌠🌀",يوزر,120000,4,"حذف هدايا + عكس أرصدة (عمق=1)","سلسلة هدايا: #39 أرسل لـ #39, تتبع من المدين #121"
استرداد_وكالة,121,"وكاله 77777",وكالة,39,"الوكيل ابن سوريا🌀🌠🌀",يوزر,120000,4,"حذف هدايا + عكس أرصدة (عمق=1)","سلسلة هدايا: #381 أرسل لـ #39, تتبع من المدين #121"
استرداد_وكالة,128,"🐬 البحار ⚓",وكالة,1933,البحار,يوزر,34,0.0011,"خصم رصيد + حذف شحنة","وكالة #128 شحنت يوزر #1933, استرداد من رصيد الماس"
استرداد_وكالة,128,"🐬 البحار ⚓",وكالة,1933,البحار,يوزر,8108,0.2703,"حذف هدايا + عكس أرصدة (عمق=1)","سلسلة هدايا: #1933 أرسل لـ #1933, تتبع من المدين #128"
استرداد_وكالة,128,"🐬 البحار ⚓",وكالة,2580,Rawaa,يوزر,6831,0.2277,"حذف هدايا + عكس أرصدة (عمق=1)","سلسلة هدايا: #1933 أرسل لـ #2580, تتبع من المدين #128"
استرداد_وكالة,128,"🐬 البحار ⚓",وكالة,2580,Rawaa,يوزر,109903,3.6634,"حذف هدايا + عكس أرصدة (عمق=2)","سلسلة هدايا: #2580 أرسل لـ #2580, تتبع من المدين #128"
استرداد_يوزر,84,"خدمه العملاء",يوزر,84,"خدمه العملاء",يوزر,3000000,100,"حذف هدايا + عكس أرصدة (عمق=1)","سلسلة هدايا: #84 أرسل لـ #84, تتبع من المدين #84"
استرداد_يوزر,84,"خدمه العملاء",يوزر,52,🧚‍♂️𝄟⑅⃝т̈ɑ̈l̈𝄟⑅⃝l̈̈eӥ🧚‍♂️,يوزر,1427900,47.5967,"حذف هدايا + عكس أرصدة (عمق=1)","سلسلة هدايا: #52 أرسل لـ #52, تتبع من المدين #84"
استرداد_يوزر,348,"الواء الأخضر",يوزر,348,"الواء الأخضر",يوزر,750000,25,"حذف هدايا + عكس أرصدة (عمق=1)","سلسلة هدايا: #348 أرسل لـ #348, تتبع من المدين #348"
استرداد_يوزر,348,"الواء الأخضر",يوزر,342,"العاشق الولهان",يوزر,300878,10.0293,"حذف هدايا + عكس أرصدة (عمق=1)","سلسلة هدايا: #342 أرسل لـ #342, تتبع من المدين #348"
استرداد_يوزر,348,"الواء الأخضر",يوزر,1012,المجنون,يوزر,130000,4.3333,"حذف هدايا + عكس أرصدة (عمق=1)","سلسلة هدايا: #1012 أرسل لـ #1012, تتبع من المدين #348"
استرداد_يوزر,348,"الواء الأخضر",يوزر,239,"حـ🇾🇪⑅⃝ـاكᬼـم الـ☠️ـجن",يوزر,25274,0.8425,"خصم رصيد + حذف شحنة","يوزر #348 شحن يوزر #239, استرداد من رصيد الماس"
استرداد_يوزر,348,"الواء الأخضر",يوزر,239,"حـ🇾🇪⑅⃝ـاكᬼـم الـ☠️ـجن",يوزر,4727,0.1576,"حذف هدايا + عكس أرصدة (عمق=1)","سلسلة هدايا: #239 أرسل لـ #239, تتبع من المدين #348"
استرداد_يوزر,1250,‏♡⇣ࡎߺݏࡉܦ࠭ߺܘ߳⇣؍,يوزر,1250,‏♡⇣ࡎߺݏࡉܦ࠭ߺܘ߳⇣؍,يوزر,1140000,38,"حذف هدايا + عكس أرصدة (عمق=1)","سلسلة هدايا: #1250 أرسل لـ #1250, تتبع من المدين #1250"
استرداد_يوزر,1111,𓄂Ꭷ𝐙𝐙𝐘,يوزر,164,"وكالة العز",وكالة,780000,26,"خصم كوينز وكالة + حذف شحنة","يوزر #1111 شحن وكالة #164 بكوينز مخالفة"
استرداد_يوزر,39,"الوكيل ابن سوريا🌀🌠🌀",يوزر,6,"وكالة صقر للشحن",وكالة,90000,3,"خصم كوينز وكالة + حذف شحنة","يوزر #39 شحن وكالة #6 بكوينز مخالفة"
استرداد_يوزر,39,"الوكيل ابن سوريا🌀🌠🌀",يوزر,6,"وكالة صقر للشحن",وكالة,300000,10,"خصم كوينز وكالة + حذف شحنة","يوزر #39 شحن وكالة #6 بكوينز مخالفة"
استرداد_يوزر,301,"ابو جبريل",يوزر,6,"وكالة صقر للشحن",وكالة,390000,13,"خصم كوينز وكالة + حذف شحنة","يوزر #301 شحن وكالة #6 بكوينز مخالفة"
استرداد_يوزر,684,"دعاء ⚡",يوزر,239,"حـ🇾🇪⑅⃝ـاكᬼـم الـ☠️ـجن",يوزر,393968,13.1323,"حذف هدايا + عكس أرصدة (عمق=1)","سلسلة هدايا: #239 أرسل لـ #239, تتبع من المدين #684"
استرداد_يوزر,871,ツعٍفَآشُيَツ,يوزر,6,"وكالة صقر للشحن",وكالة,390000,13,"خصم كوينز وكالة + حذف شحنة","يوزر #871 شحن وكالة #6 بكوينز مخالفة"
استرداد_يوزر,1402,"ماجبرتك ا||ᯓ¹⁹🚸𝒇𝒍𝒂",يوزر,1183,ღمہشہأكہسღ,يوزر,300000,10,"حذف هدايا + عكس أرصدة (عمق=1)","سلسلة هدايا: #1183 أرسل لـ #1183, تتبع من المدين #1402"
استرداد_يوزر,1402,"ماجبرتك ا||ᯓ¹⁹🚸𝒇𝒍𝒂",يوزر,353,"اصيل 🇾🇪👑🫶🔥♻️",يوزر,34254,1.1418,"حذف هدايا + عكس أرصدة (عمق=1)","سلسلة هدايا: #353 أرسل لـ #353, تتبع من المدين #1402"
استرداد_يوزر,1402,"ماجبرتك ا||ᯓ¹⁹🚸𝒇𝒍𝒂",يوزر,478,"جني حافي",يوزر,100000,3.3333,"حذف هدايا + عكس أرصدة (عمق=1)","سلسلة هدايا: #478 أرسل لـ #478, تتبع من المدين #1402"
استرداد_يوزر,1432,"الامبر 𝓣 ᥫ᭡👑 اطور",يوزر,1354,"وكيل تاج الملوك",يوزر,394000,13.1333,"حذف هدايا + عكس أرصدة (عمق=1)","سلسلة هدايا: #1354 أرسل لـ #1354, تتبع من المدين #1432"
استرداد_يوزر,2084,عمهم🔥😎,يوزر,871,ツعٍفَآشُيَツ,يوزر,400000,13.3333,"حذف هدايا + عكس أرصدة (عمق=1)","سلسلة هدايا: #871 أرسل لـ #871, تتبع من المدين #2084"
استرداد_يوزر,1183,ღمہشہأكہسღ,يوزر,1183,ღمہشہأكہسღ,يوزر,450000,15,"حذف هدايا + عكس أرصدة (عمق=1)","سلسلة هدايا: #1183 أرسل لـ #1183, تتبع من المدين #1183"
استرداد_وكالة,23,"وكالة خدمة العملاء",وكالة,84,"خدمه العملاء",يوزر,1000000,33.3333,"حذف هدايا + عكس أرصدة (عمق=1)","سلسلة هدايا: #84 أرسل لـ #84, تتبع من المدين #23"
استرداد_وكالة,23,"وكالة خدمة العملاء",وكالة,52,🧚‍♂️𝄟⑅⃝т̈ɑ̈l̈𝄟⑅⃝l̈̈eӥ🧚‍♂️,يوزر,400000,13.3333,"حذف هدايا + عكس أرصدة (عمق=1)","سلسلة هدايا: #52 أرسل لـ #52, تتبع من المدين #23"
استرداد_وكالة,75,"وُكَـــآلَـهِ آلَـبّـــــــحً ـر آلَآحـــــــمِــــــــر",وكالة,1073,999,يوزر,400000,13.3333,"حذف هدايا + عكس أرصدة (عمق=1)","سلسلة هدايا: #1072 أرسل لـ #1073, تتبع من المدين #75"
استرداد_وكالة,101,"(وڪا𓅇الدᬼـول العـ✌︎ـربــيه𝄞لـة)",وكالة,1535,الوكيل⇡Hهلالي☆ڪيـᯓ͢ـل,يوزر,119257,3.9752,"خصم رصيد + حذف شحنة","وكالة #101 شحنت يوزر #1535, استرداد من رصيد الماس"
استرداد_وكالة,101,"(وڪا𓅇الدᬼـول العـ✌︎ـربــيه𝄞لـة)",وكالة,1535,الوكيل⇡Hهلالي☆ڪيـᯓ͢ـل,يوزر,748,0.0249,"حذف هدايا + عكس أرصدة (عمق=1)","سلسلة هدايا: #1535 أرسل لـ #1535, تتبع من المدين #101"
استرداد_وكالة,121,"وكاله 77777",وكالة,39,"الوكيل ابن سوريا🌀🌠🌀",يوزر,120000,4,"حذف هدايا + عكس أرصدة (عمق=1)","سلسلة هدايا: #381 أرسل لـ #39, تتبع من المدين #121"
استرداد_يوزر,84,"خدمه العملاء",يوزر,84,"خدمه العملاء",يوزر,3000000,100,"حذف هدايا + عكس أرصدة (عمق=1)","سلسلة هدايا: #84 أرسل لـ #84, تتبع من المدين #84"
استرداد_يوزر,1250,‏♡⇣ࡎߺݏࡉܦ࠭ߺܘ߳⇣؍,يوزر,1493,𝑹𝑸𝑹𝑸🇾🇪ᔆₖ,يوزر,790000,26.3333,"حذف هدايا + عكس أرصدة (عمق=1)","سلسلة هدايا: #1250 أرسل لـ #1493, تتبع من المدين #1250"
استرداد_يوزر,871,ツعٍفَآشُيَツ,يوزر,6,"وكالة صقر للشحن",وكالة,390000,13,"خصم كوينز وكالة + حذف شحنة","يوزر #871 شحن وكالة #6 بكوينز مخالفة"
استرداد_يوزر,342,"العاشق الولهان",يوزر,1012,المجنون,يوزر,480000,16,"حذف هدايا + عكس أرصدة (عمق=1)","سلسلة هدايا: #1012 أرسل لـ #1012, تتبع من المدين #342"
استرداد_يوزر,1183,ღمہشہأكہسღ,يوزر,1183,ღمہشہأكہسღ,يوزر,400000,13.3333,"حذف هدايا + عكس أرصدة (عمق=1)","سلسلة هدايا: #1183 أرسل لـ #1183, تتبع من المدين #1183"
استرداد_وكالة,23,"وكالة خدمة العملاء",وكالة,84,"خدمه العملاء",يوزر,2000000,66.6667,"حذف هدايا + عكس أرصدة (عمق=1)","سلسلة هدايا: #84 أرسل لـ #84, تتبع من المدين #23"
استرداد_يوزر,84,"خدمه العملاء",يوزر,84,"خدمه العملاء",يوزر,4000000,133.3333,"حذف هدايا + عكس أرصدة (عمق=1)","سلسلة هدايا: #84 أرسل لـ #84, تتبع من المدين #84"
استرداد_يوزر,1183,ღمہشہأكہسღ,يوزر,1183,ღمہشہأكہسღ,يوزر,200000,6.6667,"حذف هدايا + عكس أرصدة (عمق=1)","سلسلة هدايا: #1183 أرسل لـ #1183, تتبع من المدين #1183"
استرداد_يوزر,1183,ღمہشہأكہسღ,يوزر,478,"جني حافي",يوزر,150000,5,"حذف هدايا + عكس أرصدة (عمق=1)","سلسلة هدايا: #478 أرسل لـ #478, تتبع من المدين #1183"
استرداد_يوزر,84,"خدمه العملاء",يوزر,84,"خدمه العملاء",يوزر,2000000,66.6667,"حذف هدايا + عكس أرصدة (عمق=1)","سلسلة هدايا: #84 أرسل لـ #84, تتبع من المدين #84"
استرداد_وكالة,23,"وكالة خدمة العملاء",وكالة,84,"خدمه العملاء",يوزر,2000000,66.6667,"حذف هدايا + عكس أرصدة (عمق=1)","سلسلة هدايا: #84 أرسل لـ #84, تتبع من المدين #23"
استرداد_يوزر,84,"خدمه العملاء",يوزر,84,"خدمه العملاء",يوزر,2500000,83.3333,"حذف هدايا + عكس أرصدة (عمق=1)","سلسلة هدايا: #84 أرسل لـ #84, تتبع من المدين #84"
استرداد_يوزر,84,"خدمه العملاء",يوزر,84,"خدمه العملاء",يوزر,3000000,100,"حذف هدايا + عكس أرصدة (عمق=1)","سلسلة هدايا: #84 أرسل لـ #84, تتبع من المدين #84"
استرداد_وكالة,23,"وكالة خدمة العملاء",وكالة,84,"خدمه العملاء",يوزر,3000000,100,"حذف هدايا + عكس أرصدة (عمق=1)","سلسلة هدايا: #84 أرسل لـ #84, تتبع من المدين #23"
استرداد_يوزر,84,"خدمه العملاء",يوزر,84,"خدمه العملاء",يوزر,5000000,166.6667,"حذف هدايا + عكس أرصدة (عمق=1)","سلسلة هدايا: #84 أرسل لـ #84, تتبع من المدين #84"
